Date,Requests,PageViews,Bytes,Uniques
2026-03-16,221,0,650729,34
2026-03-17,20946,6999,158145916,232
2026-03-18,15806,7880,335145569,130
2026-03-19,3265,1115,73551676,63
2026-03-20,407,120,9711932,34
2026-03-21,299,87,9102381,56
2026-03-22,652,195,10028916,50
2026-03-23,4261,3732,26173080,68
2026-03-24,1437,478,54722935,60
2026-03-25,11232,5298,221649558,41
2026-03-26,28590,16526,1049138778,145
2026-04-09,421,184,17142720,56
2026-04-10,5043,313,598036609,45
2026-04-11,1239,128,199598972,51
2026-04-12,399,117,89997388,43
2026-04-13,1196,75,115514175,34
2026-04-14,185,70,26475026,34
2026-04-15,289,89,49045311,43
2026-04-16,225,51,76329044,39
2026-04-17,380,90,117686094,49
2026-04-18,385,75,68006340,38
2026-04-19,275,85,31044987,39
2026-04-20,492,225,71574893,26
2026-04-21,292,51,47978981,26
2026-04-22,391,17,129715197,19
2026-04-23,362,26,111011037,35
2026-04-24,375,44,52168031,76
2026-04-25,347,22,75838498,36
2026-04-26,218,18,46299078,46
2026-04-27,268,44,32101941,24
2026-04-28,148,60,15911330,24
2026-04-29,139,51,2810116,33
2026-04-30,64,18,1289995,20
2026-05-01,80,17,12840402,38
2026-05-02,1313,1196,12795375,41
2026-05-03,1589,267,474622454,120
2026-05-04,157,59,10892536,30
2026-05-05,286,93,76582947,41
2026-05-06,724,304,49590601,28
2026-05-07,814,394,55460765,26
2026-05-08,769,424,102233209,44
2026-05-09,1074,595,80905728,38
2026-05-10,1918,410,61275561,39
2026-05-11,342,173,2210749,19
2026-05-12,168,67,454837,7
